filepath,target
./data/fanbingbing\1.png,fanbingbing
./data/fanbingbing\10.png,fanbingbing
./data/fanbingbing\101.png,fanbingbing
./data/fanbingbing\102.png,fanbingbing
./data/fanbingbing\105.png,fanbingbing
./data/fanbingbing\106.png,fanbingbing
./data/fanbingbing\108.png,fanbingbing
./data/fanbingbing\109.png,fanbingbing
./data/fanbingbing\11.png,fanbingbing
./data/fanbingbing\111.png,fanbingbing
./data/fanbingbing\118.png,fanbingbing
./data/fanbingbing\12.png,fanbingbing
./data/fanbingbing\120.png,fanbingbing
./data/fanbingbing\122.png,fanbingbing
./data/fanbingbing\123.png,fanbingbing
./data/fanbingbing\124.png,fanbingbing
./data/fanbingbing\125.png,fanbingbing
./data/fanbingbing\127.png,fanbingbing
./data/fanbingbing\128.png,fanbingbing
./data/fanbingbing\129.png,fanbingbing
./data/fanbingbing\13.png,fanbingbing
./data/fanbingbing\130.png,fanbingbing
./data/fanbingbing\132.png,fanbingbing
./data/fanbingbing\134.png,fanbingbing
./data/fanbingbing\136.png,fanbingbing
./data/fanbingbing\14.png,fanbingbing
./data/fanbingbing\141.png,fanbingbing
./data/fanbingbing\142.png,fanbingbing
./data/fanbingbing\143.png,fanbingbing
./data/fanbingbing\144.png,fanbingbing
./data/fanbingbing\146.png,fanbingbing
./data/fanbingbing\147.png,fanbingbing
./data/fanbingbing\149.png,fanbingbing
./data/fanbingbing\150.png,fanbingbing
./data/fanbingbing\151.png,fanbingbing
./data/fanbingbing\153.png,fanbingbing
./data/fanbingbing\154.png,fanbingbing
./data/fanbingbing\156.png,fanbingbing
./data/fanbingbing\159.png,fanbingbing
./data/fanbingbing\16.png,fanbingbing
./data/fanbingbing\162.png,fanbingbing
./data/fanbingbing\163.png,fanbingbing
./data/fanbingbing\165.png,fanbingbing
./data/fanbingbing\166.png,fanbingbing
./data/fanbingbing\169.png,fanbingbing
./data/fanbingbing\171.png,fanbingbing
./data/fanbingbing\172.png,fanbingbing
./data/fanbingbing\174.png,fanbingbing
./data/fanbingbing\178.png,fanbingbing
./data/fanbingbing\18.png,fanbingbing
./data/fanbingbing\182.png,fanbingbing
./data/fanbingbing\183.png,fanbingbing
./data/fanbingbing\184.png,fanbingbing
./data/fanbingbing\185.png,fanbingbing
./data/fanbingbing\187.png,fanbingbing
./data/fanbingbing\188.png,fanbingbing
./data/fanbingbing\189.png,fanbingbing
./data/fanbingbing\19.png,fanbingbing
./data/fanbingbing\191.png,fanbingbing
./data/fanbingbing\193.png,fanbingbing
./data/fanbingbing\197.png,fanbingbing
./data/fanbingbing\2.png,fanbingbing
./data/fanbingbing\20.png,fanbingbing
./data/fanbingbing\200.png,fanbingbing
./data/fanbingbing\206.png,fanbingbing
./data/fanbingbing\207.png,fanbingbing
./data/fanbingbing\209.png,fanbingbing
./data/fanbingbing\23.png,fanbingbing
./data/fanbingbing\24.png,fanbingbing
./data/fanbingbing\25.png,fanbingbing
./data/fanbingbing\26.png,fanbingbing
./data/fanbingbing\28.png,fanbingbing
./data/fanbingbing\3.png,fanbingbing
./data/fanbingbing\30.png,fanbingbing
./data/fanbingbing\31.png,fanbingbing
./data/fanbingbing\32.png,fanbingbing
./data/fanbingbing\35.png,fanbingbing
./data/fanbingbing\36.png,fanbingbing
./data/fanbingbing\37.png,fanbingbing
./data/fanbingbing\38.png,fanbingbing
./data/fanbingbing\39.png,fanbingbing
./data/fanbingbing\3d5855b0-ea50-11e9-bb89-b025aa21b04b.jpg,fanbingbing
./data/fanbingbing\3e39dc12-ea50-11e9-88fe-b025aa21b04b.jpg,fanbingbing
./data/fanbingbing\3eb52692-ea50-11e9-bf07-b025aa21b04b.jpg,fanbingbing
./data/fanbingbing\3f823a92-ea50-11e9-a393-b025aa21b04b.jpg,fanbingbing
./data/fanbingbing\3fc5fa52-ea50-11e9-ae94-b025aa21b04b.jpg,fanbingbing
./data/fanbingbing\40.png,fanbingbing
./data/fanbingbing\4015a0f0-ea50-11e9-a9c7-b025aa21b04b.jpg,fanbingbing
./data/fanbingbing\408a82d2-ea50-11e9-9a65-b025aa21b04b.jpg,fanbingbing
./data/fanbingbing\41.png,fanbingbing
./data/fanbingbing\41c6ac52-ea50-11e9-81a8-b025aa21b04b.jpg,fanbingbing
./data/fanbingbing\44.png,fanbingbing
./data/fanbingbing\45.png,fanbingbing
./data/fanbingbing\46.png,fanbingbing
./data/fanbingbing\47.png,fanbingbing
./data/fanbingbing\48.png,fanbingbing
./data/fanbingbing\49.png,fanbingbing
./data/fanbingbing\50.png,fanbingbing
./data/fanbingbing\52.png,fanbingbing
./data/fanbingbing\53.png,fanbingbing
./data/fanbingbing\54.png,fanbingbing
./data/fanbingbing\54e22ee2-ea50-11e9-9ba8-b025aa21b04b.jpg,fanbingbing
./data/fanbingbing\55.png,fanbingbing
./data/fanbingbing\58.png,fanbingbing
./data/fanbingbing\59.png,fanbingbing
./data/fanbingbing\60.png,fanbingbing
./data/fanbingbing\62.png,fanbingbing
./data/fanbingbing\65.png,fanbingbing
./data/fanbingbing\66.png,fanbingbing
./data/fanbingbing\68.png,fanbingbing
./data/fanbingbing\69.png,fanbingbing
./data/fanbingbing\7.png,fanbingbing
./data/fanbingbing\70.png,fanbingbing
./data/fanbingbing\71.png,fanbingbing
./data/fanbingbing\73.png,fanbingbing
./data/fanbingbing\75.png,fanbingbing
./data/fanbingbing\76.png,fanbingbing
./data/fanbingbing\77.png,fanbingbing
./data/fanbingbing\78.png,fanbingbing
./data/fanbingbing\79.png,fanbingbing
./data/fanbingbing\8.png,fanbingbing
./data/fanbingbing\81.png,fanbingbing
./data/fanbingbing\82.png,fanbingbing
./data/fanbingbing\83.png,fanbingbing
./data/fanbingbing\84.png,fanbingbing
./data/fanbingbing\87.png,fanbingbing
./data/fanbingbing\88.png,fanbingbing
./data/fanbingbing\89.png,fanbingbing
./data/fanbingbing\90.png,fanbingbing
./data/fanbingbing\92.png,fanbingbing
./data/fanbingbing\94.png,fanbingbing
./data/fanbingbing\95.png,fanbingbing
./data/fanbingbing\97.png,fanbingbing
./data/fanbingbing\98.png,fanbingbing
./data/fanbingbing\99.png,fanbingbing
./data/pengyuyan\20181206160937.png,pengyuyan
./data/pengyuyan\20181206161041.png,pengyuyan
./data/pengyuyan\20181206161053.png,pengyuyan
./data/pengyuyan\20181206161115.png,pengyuyan
./data/pengyuyan\20181206161127.png,pengyuyan
./data/pengyuyan\20181206161233.png,pengyuyan
./data/pengyuyan\20181206161255.png,pengyuyan
./data/pengyuyan\20181206161312.png,pengyuyan
./data/pengyuyan\20181206161331.png,pengyuyan
./data/pengyuyan\20181206161502.png,pengyuyan
./data/pengyuyan\20181206161516.png,pengyuyan
./data/pengyuyan\20181206161530.png,pengyuyan
./data/pengyuyan\20181206161541.png,pengyuyan
./data/pengyuyan\20181206161607.png,pengyuyan
./data/pengyuyan\20181206161648.png,pengyuyan
./data/pengyuyan\20181206161734.png,pengyuyan
./data/pengyuyan\20181206161755.png,pengyuyan
./data/pengyuyan\20181206161828.png,pengyuyan
./data/pengyuyan\20181206161903.png,pengyuyan
./data/pengyuyan\20181206161917.png,pengyuyan
./data/pengyuyan\20181206161943.png,pengyuyan
./data/pengyuyan\20181206161954.png,pengyuyan
./data/pengyuyan\20181206162010.png,pengyuyan
./data/pengyuyan\20181206162027.png,pengyuyan
./data/pengyuyan\20181206162042.png,pengyuyan
./data/pengyuyan\20181206162112.png,pengyuyan
./data/pengyuyan\20181206162211.png,pengyuyan
./data/pengyuyan\20181206162223.png,pengyuyan
./data/pengyuyan\20181206162234.png,pengyuyan
./data/pengyuyan\20181206162254.png,pengyuyan
./data/pengyuyan\20181206162311.png,pengyuyan
./data/pengyuyan\20181206162340.png,pengyuyan
./data/pengyuyan\20181206162351.png,pengyuyan
./data/pengyuyan\20181206162442.png,pengyuyan
./data/pengyuyan\20181206162454.png,pengyuyan
./data/pengyuyan\20181206162507.png,pengyuyan
./data/pengyuyan\20181206162522.png,pengyuyan
./data/pengyuyan\20181206162540.png,pengyuyan
./data/pengyuyan\20181206162602.png,pengyuyan
./data/pengyuyan\20181206162613.png,pengyuyan
./data/pengyuyan\20181206162641.png,pengyuyan
./data/pengyuyan\20181206162717.png,pengyuyan
./data/pengyuyan\20181206162732.png,pengyuyan
./data/pengyuyan\20181206162749.png,pengyuyan
./data/pengyuyan\20181206162804.png,pengyuyan
./data/pengyuyan\20181206162836.png,pengyuyan
./data/pengyuyan\20181206162850.png,pengyuyan
./data/pengyuyan\20181206162904.png,pengyuyan
./data/pengyuyan\20181206162932.png,pengyuyan
./data/pengyuyan\20181206162941.png,pengyuyan
./data/pengyuyan\20181206162956.png,pengyuyan
./data/pengyuyan\20181206163011.png,pengyuyan
./data/pengyuyan\20181206163213.png,pengyuyan
./data/pengyuyan\20181206163250.png,pengyuyan
./data/pengyuyan\20181206163306.png,pengyuyan
./data/pengyuyan\20181206163318.png,pengyuyan
./data/pengyuyan\20181206163331.png,pengyuyan
./data/pengyuyan\20181206163359.png,pengyuyan
./data/pengyuyan\20181206163412.png,pengyuyan
./data/pengyuyan\20181206163439.png,pengyuyan
./data/pengyuyan\20181206163452.png,pengyuyan
./data/pengyuyan\20181206164423.png,pengyuyan
./data/pengyuyan\20181206164436.png,pengyuyan
./data/pengyuyan\20181206164450.png,pengyuyan
./data/pengyuyan\20181206164513.png,pengyuyan
./data/pengyuyan\20181206164526.png,pengyuyan
./data/pengyuyan\20181206164550.png,pengyuyan
./data/pengyuyan\20181206164628.png,pengyuyan
./data/pengyuyan\20181206164640.png,pengyuyan
./data/pengyuyan\20181206164655.png,pengyuyan
./data/pengyuyan\20181206164707.png,pengyuyan
./data/pengyuyan\20181206164718.png,pengyuyan
./data/pengyuyan\20181206164753.png,pengyuyan
./data/pengyuyan\20181206164804.png,pengyuyan
./data/pengyuyan\20181206164816.png,pengyuyan
./data/pengyuyan\20181206164827.png,pengyuyan
./data/pengyuyan\20181206164840.png,pengyuyan
./data/pengyuyan\20181206164912.png,pengyuyan
./data/pengyuyan\20181206165014.png,pengyuyan
./data/pengyuyan\20181206165057.png,pengyuyan
./data/pengyuyan\20181206165108.png,pengyuyan
./data/pengyuyan\20181206165118.png,pengyuyan
./data/pengyuyan\20181206165131.png,pengyuyan
./data/pengyuyan\20181206165157.png,pengyuyan
./data/pengyuyan\20181206165249.png,pengyuyan
./data/zhangziyi\20181206112348.png,zhangziyi
./data/zhangziyi\20181206112504.png,zhangziyi
./data/zhangziyi\20181206131856.png,zhangziyi
./data/zhangziyi\20181206131927.png,zhangziyi
./data/zhangziyi\20181206132043.png,zhangziyi
./data/zhangziyi\20181206132122.png,zhangziyi
./data/zhangziyi\20181206132141.png,zhangziyi
./data/zhangziyi\20181206132200.png,zhangziyi
./data/zhangziyi\20181206132220.png,zhangziyi
./data/zhangziyi\20181206132239.png,zhangziyi
./data/zhangziyi\20181206132346.png,zhangziyi
./data/zhangziyi\20181206132406.png,zhangziyi
./data/zhangziyi\20181206132425.png,zhangziyi
./data/zhangziyi\20181206132514.png,zhangziyi
./data/zhangziyi\20181206132533.png,zhangziyi
./data/zhangziyi\20181206132616.png,zhangziyi
./data/zhangziyi\20181206132648.png,zhangziyi
./data/zhangziyi\20181206132700.png,zhangziyi
./data/zhangziyi\20181206132738.png,zhangziyi
./data/zhangziyi\20181206132755.png,zhangziyi
./data/zhangziyi\20181206132919.png,zhangziyi
./data/zhangziyi\20181206132933.png,zhangziyi
./data/zhangziyi\20181206133020.png,zhangziyi
./data/zhangziyi\20181206133344.png,zhangziyi
./data/zhangziyi\20181206133521.png,zhangziyi
./data/zhangziyi\20181206133700.png,zhangziyi
./data/zhangziyi\20181206133720.png,zhangziyi
./data/zhangziyi\20181206133815.png,zhangziyi
./data/zhangziyi\20181206133833.png,zhangziyi
./data/zhangziyi\20181206133913.png,zhangziyi
./data/zhangziyi\20181206133927.png,zhangziyi
./data/zhangziyi\20181206134004.png,zhangziyi
./data/zhangziyi\20181206134043.png,zhangziyi
./data/zhangziyi\20181206134103.png,zhangziyi
./data/zhangziyi\20181206134123.png,zhangziyi
./data/zhangziyi\20181206134213.png,zhangziyi
./data/zhangziyi\20181206134229.png,zhangziyi
./data/zhangziyi\20181206134251.png,zhangziyi
./data/zhangziyi\20181206134456.png,zhangziyi
./data/zhangziyi\20181206134529.png,zhangziyi
./data/zhangziyi\20181206134557.png,zhangziyi
./data/zhangziyi\20181206134622.png,zhangziyi
./data/zhangziyi\20181206134640.png,zhangziyi
./data/zhangziyi\20181206134919.png,zhangziyi
./data/zhangziyi\20181206135108.png,zhangziyi
./data/zhangziyi\20181206135126.png,zhangziyi
./data/zhangziyi\20181206135221.png,zhangziyi
./data/zhangziyi\20181206135321.png,zhangziyi
./data/zhangziyi\20181206135607.png,zhangziyi
./data/zhangziyi\20181206135812.png,zhangziyi
./data/zhangziyi\20181206143714.png,zhangziyi
./data/zhangziyi\20181206143730.png,zhangziyi
./data/zhangziyi\20181206143748.png,zhangziyi
./data/zhangziyi\20181206144418.png,zhangziyi
./data/zhangziyi\20181206144436.png,zhangziyi
./data/zhangziyi\20181206144613.png,zhangziyi
./data/zhangziyi\20181206144721.png,zhangziyi
./data/zhangziyi\20181206144813.png,zhangziyi
./data/zhangziyi\20181206144850.png,zhangziyi
./data/zhangziyi\20181206144938.png,zhangziyi
./data/zhangziyi\20181206145015.png,zhangziyi
./data/zhangziyi\20181206145059.png,zhangziyi
./data/zhangziyi\20181206145110.png,zhangziyi
./data/zhangziyi\20181206145122.png,zhangziyi
./data/zhangziyi\20181206145155.png,zhangziyi
./data/zhangziyi\20181206145232.png,zhangziyi
./data/zhangziyi\20181206145247.png,zhangziyi
./data/zhangziyi\20181206145308.png,zhangziyi
./data/zhangziyi\20181206145333.png,zhangziyi
./data/zhangziyi\20181206145348.png,zhangziyi
./data/zhangziyi\20181206145406.png,zhangziyi
./data/zhoujielun\04ca7300-ea4f-11e9-9439-b025aa21b04b.jpg,zhoujielun
./data/zhoujielun\050e8b70-ea50-11e9-a85e-b025aa21b04b.jpg,zhoujielun
./data/zhoujielun\063d9592-ea50-11e9-b2a7-b025aa21b04b.jpg,zhoujielun
./data/zhoujielun\09a626e2-ea4e-11e9-bf87-b025aa21b04b.jpg,zhoujielun
./data/zhoujielun\0b374e30-ea4e-11e9-b92e-b025aa21b04b.jpg,zhoujielun
./data/zhoujielun\14f337e2-ea4e-11e9-9e4b-b025aa21b04b.jpg,zhoujielun
./data/zhoujielun\14fce9f0-ea50-11e9-8476-b025aa21b04b.jpg,zhoujielun
./data/zhoujielun\155cbd30-ea50-11e9-b5e9-b025aa21b04b.jpg,zhoujielun
./data/zhoujielun\158e3f62-ea4e-11e9-b59a-b025aa21b04b.jpg,zhoujielun
./data/zhoujielun\16126380-ea4e-11e9-a238-b025aa21b04b.jpg,zhoujielun
./data/zhoujielun\166369b0-ea4e-11e9-a3e8-b025aa21b04b.jpg,zhoujielun
./data/zhoujielun\170ec4e2-ea4e-11e9-848e-b025aa21b04b.jpg,zhoujielun
./data/zhoujielun\1cc7eb00-ea4e-11e9-88cb-b025aa21b04b.jpg,zhoujielun
./data/zhoujielun\1eab5100-ea4e-11e9-b329-b025aa21b04b.jpg,zhoujielun
./data/zhoujielun\1f086522-ea4e-11e9-91d1-b025aa21b04b.jpg,zhoujielun
./data/zhoujielun\1f4fce62-ea4e-11e9-bc0a-b025aa21b04b.jpg,zhoujielun
./data/zhoujielun\1fb3c052-ea4e-11e9-9f0e-b025aa21b04b.jpg,zhoujielun
./data/zhoujielun\23bd3aa2-ea4e-11e9-9826-b025aa21b04b.jpg,zhoujielun
./data/zhoujielun\245d4b30-ea4e-11e9-8ed1-b025aa21b04b.jpg,zhoujielun
./data/zhoujielun\26168200-ea50-11e9-b74e-b025aa21b04b.jpg,zhoujielun
./data/zhoujielun\2ccbfef0-ea4f-11e9-90fb-b025aa21b04b.jpg,zhoujielun
./data/zhoujielun\2da98db0-ea4f-11e9-96a3-b025aa21b04b.jpg,zhoujielun
./data/zhoujielun\2f83cbf0-ea4f-11e9-8618-b025aa21b04b.jpg,zhoujielun
./data/zhoujielun\3187eb40-ea4d-11e9-a29c-b025aa21b04b.jpg,zhoujielun
./data/zhoujielun\3302fd12-ea4e-11e9-b4a8-b025aa21b04b.jpg,zhoujielun
./data/zhoujielun\3cd38ac0-ea4f-11e9-9f0b-b025aa21b04b.jpg,zhoujielun
./data/zhoujielun\3d35a7f0-ea4f-11e9-b909-b025aa21b04b.jpg,zhoujielun
./data/zhoujielun\3e11fe30-ea4f-11e9-a8f3-b025aa21b04b.jpg,zhoujielun
./data/zhoujielun\3f5b9530-ea4f-11e9-bcf3-b025aa21b04b.jpg,zhoujielun
./data/zhoujielun\3f6c48f0-ea4d-11e9-82e8-b025aa21b04b.jpg,zhoujielun
./data/zhoujielun\407d43c0-ea4d-11e9-a152-b025aa21b04b.jpg,zhoujielun
./data/zhoujielun\408082a2-ea4e-11e9-a49e-b025aa21b04b.jpg,zhoujielun
./data/zhoujielun\40be7600-ea4e-11e9-b92d-b025aa21b04b.jpg,zhoujielun
./data/zhoujielun\4238eb92-ea4f-11e9-9c8f-b025aa21b04b.jpg,zhoujielun
./data/zhoujielun\42eeb8f0-ea4d-11e9-843a-b025aa21b04b.jpg,zhoujielun
./data/zhoujielun\434eb340-ea4d-11e9-91e8-b025aa21b04b.jpg,zhoujielun
./data/zhoujielun\43bfc492-ea4d-11e9-87e3-b025aa21b04b.jpg,zhoujielun
./data/zhoujielun\44c8be30-ea4f-11e9-90da-b025aa21b04b.jpg,zhoujielun
./data/zhoujielun\44d3cca2-ea4d-11e9-a477-b025aa21b04b.jpg,zhoujielun
./data/zhoujielun\44f1dbf0-ea4d-11e9-b197-b025aa21b04b.jpg,zhoujielun
./data/zhoujielun\45dd7470-ea4d-11e9-a92c-b025aa21b04b.jpg,zhoujielun
./data/zhoujielun\45f987f0-ea4d-11e9-aa58-b025aa21b04b.jpg,zhoujielun
./data/zhoujielun\52a1f852-ea4f-11e9-a16b-b025aa21b04b.jpg,zhoujielun
./data/zhoujielun\597971a2-ea4d-11e9-8ebe-b025aa21b04b.jpg,zhoujielun
./data/zhoujielun\59cd8512-ea4d-11e9-8d6f-b025aa21b04b.jpg,zhoujielun
./data/zhoujielun\5aeab4e2-ea4d-11e9-8db2-b025aa21b04b.jpg,zhoujielun
./data/zhoujielun\5b3f2100-ea4e-11e9-a3a1-b025aa21b04b.jpg,zhoujielun
./data/zhoujielun\5ba83880-ea4d-11e9-b316-b025aa21b04b.jpg,zhoujielun
./data/zhoujielun\5cd0da00-ea4d-11e9-957c-b025aa21b04b.jpg,zhoujielun
./data/zhoujielun\5cecd100-ea4e-11e9-995b-b025aa21b04b.jpg,zhoujielun
./data/zhoujielun\5e74d092-ea4e-11e9-afed-b025aa21b04b.jpg,zhoujielun
./data/zhoujielun\6157f352-ea4e-11e9-95fd-b025aa21b04b.jpg,zhoujielun
./data/zhoujielun\6198a5d2-ea4e-11e9-9d1f-b025aa21b04b.jpg,zhoujielun
./data/zhoujielun\62094c80-ea4f-11e9-b82d-b025aa21b04b.jpg,zhoujielun
./data/zhoujielun\6369c6e2-ea4f-11e9-be14-b025aa21b04b.jpg,zhoujielun
./data/zhoujielun\63e0f2b0-ea4f-11e9-9ce5-b025aa21b04b.jpg,zhoujielun
./data/zhoujielun\65b40500-ea4f-11e9-840b-b025aa21b04b.jpg,zhoujielun
./data/zhoujielun\77ea1b80-ea4d-11e9-9028-b025aa21b04b.jpg,zhoujielun
./data/zhoujielun\79615230-ea4d-11e9-930f-b025aa21b04b.jpg,zhoujielun
./data/zhoujielun\79885040-ea4f-11e9-aaaf-b025aa21b04b.jpg,zhoujielun
./data/zhoujielun\7b8bb6d2-ea4e-11e9-b7fe-b025aa21b04b.jpg,zhoujielun
./data/zhoujielun\86d995b0-ea4f-11e9-9458-b025aa21b04b.jpg,zhoujielun
./data/zhoujielun\873cd640-ea4d-11e9-9588-b025aa21b04b.jpg,zhoujielun
./data/zhoujielun\89867822-ea4d-11e9-af22-b025aa21b04b.jpg,zhoujielun
./data/zhoujielun\89c6b570-ea4d-11e9-aa6c-b025aa21b04b.jpg,zhoujielun
./data/zhoujielun\8a83d900-ea4f-11e9-8b73-b025aa21b04b.jpg,zhoujielun
./data/zhoujielun\8b6152a2-ea4d-11e9-90bc-b025aa21b04b.jpg,zhoujielun
./data/zhoujielun\8cdca800-ea4d-11e9-b524-b025aa21b04b.jpg,zhoujielun
./data/zhoujielun\8d839662-ea4d-11e9-8114-b025aa21b04b.jpg,zhoujielun
./data/zhoujielun\903a2ae2-ea4d-11e9-9f02-b025aa21b04b.jpg,zhoujielun
./data/zhoujielun\91fa0352-ea4d-11e9-86cc-b025aa21b04b.jpg,zhoujielun
./data/zhoujielun\929c0fb0-ea4d-11e9-95b3-b025aa21b04b.jpg,zhoujielun
./data/zhoujielun\94306b52-ea4d-11e9-8670-b025aa21b04b.jpg,zhoujielun
./data/zhoujielun\98aed212-ea4e-11e9-92de-b025aa21b04b.jpg,zhoujielun
./data/zhoujielun\a3afb452-ea4d-11e9-be5c-b025aa21b04b.jpg,zhoujielun
./data/zhoujielun\caab41f0-ea4d-11e9-8b3d-b025aa21b04b.jpg,zhoujielun
./data/zhoujielun\e5654c70-ea4d-11e9-91b1-b025aa21b04b.jpg,zhoujielun
./data/zhoujielun\f3cd6e30-ea4f-11e9-86d7-b025aa21b04b.jpg,zhoujielun
./data/zhoujielun\f44d5e80-ea4d-11e9-85c5-b025aa21b04b.jpg,zhoujielun
./data/zhoujielun\f4f60522-ea4e-11e9-b997-b025aa21b04b.jpg,zhoujielun
./data/zhoujielun\f5379770-ea4d-11e9-bc0f-b025aa21b04b.jpg,zhoujielun
./data/zhoujielun\f69c3b12-ea4e-11e9-91a6-b025aa21b04b.jpg,zhoujielun
